"Dish","Energy_kcal","Carb_g","Protein_g","Fat_g","Sodium_mg"
"กะเพรา หมูหรือไก่",443.5,15.4,28.5,28.2,971
"กะเพรา วุ้นเส้น หมูไก่",407.6,20.4,21.7,25.2,962
"ผัดพริกแกง หมูไก่",441,15.4,28.5,28.2,1071
"ข้าวหมูรวน ไข่",468.5,16,35.2,28.2,611
"ข้าวไก่รวน ไข่",391.5,16,39.2,17.8,611
"ข้าวหมูกระเทียม",443.5,15.4,28.5,28.2,971
"ข้าวไข่เจียวหมูสับ",491.7,16,24.4,36.6,583
"ข้าวไข่เจียวธรรมดา",341.5,16,8.2,28.2,91
"ผัดซีอิ๊ว หมูไก่",377,0,27,28,1420
"ราดหน้า หมู",312,0,27,21,970
"สุกี้ น้ำหรือแห้ง",263.6,0,21.6,18.2,1556
"คะน้าหมูกรอบ",611.9,15.4,33.9,45,985
"ผักบุ้งหมูกรอบ",611.9,15.4,33.9,45,985
"กะเพราหมูกรอบ",611.9,15.4,33.9,45,985
"กะเพราหมูสับ ไข่เยี่ยวม้า",501.5,15.4,32.5,32.2,1191
"กะเพรารวมมิตร",443.5,15.4,28.5,28.2,971
"กะเพราทะเล",291.5,15.4,21.5,15.7,971
"หมูกระเทียมผัดไข่เค็ม",558.5,15.4,32.5,39.2,921
"กะเพรา หมูหรือไก่ (chicken variant)",366.5,15.4,32.5,17.8,971
"ผัดพริกแกง หมูไก่ (chicken variant)",364,15.4,32.5,17.8,1071
"ข้าวหมูรวน ไข่ (chicken variant)",391.5,16,39.2,17.8,611
"ข้าวไก่รวน ไข่ (chicken variant)",314.5,16,43.2,7.4,611
"ข้าวหมูกระเทียม (chicken variant)",366.5,15.4,32.5,17.8,971
"ผัดซีอิ๊ว หมูไก่ (chicken variant)",300,0,31,17.6,1420
"สุกี้ น้ำหรือแห้ง (chicken variant)",186.6,0,25.6,7.8,1556
"กะเพรารวมมิตร (chicken variant)",366.5,15.4,32.5,17.8,971
"ส้มตำปู+ปลาร้า",220,32,12,6,1200
"ส้มตำกุ้งสด",225,30,19,5,900
"ตำชั่ว",265,42,10,7,1000
"ตำโคราช",280,40,13,9,1100
"ตำไทยไข่เค็ม",300,35,14,11,1400
"ตำแตง",180,28,6,4,800
"ตำหอยดอง",240,32,15,8,1500
"ตำมาม่าปู+ปลาร้า",390,55,16,12,1600
"ตำคอหมูย่าง",420,30,25,18,1100
"ตำถาด",450,60,22,15,1400
"ยำมาม่า หมู/ไก่",380,52,20,11,1500
"ยำรวมมิตร",320,25,28,10,900
"ยำเส้นแก้ว",220,20,18,7,800
"ยำทะเลรวม",300,20,30,9,1000
"ยำขนมจีน",350,60,12,8,950
"ลาบหมู/ไก่",280,10,28,12,900
"น้ำตกคอหมูย่าง",350,12,27,18,1200
